FirstName,LastName,Email,SourceId
Tracey,Clarke,tracey.clarke@example.com,f27f74d6-a2f6-4409-92f4-f9acf5c9750b
Chaitanya,Prabhakaran,chaitanya.prabhakaran@example.com,f6130727-4584-4f90-ba4c-08e8d78cd68d
Veera,Salonen,veera.salonen@example.com,e18a0026-18dc-4b93-8320-edef11ae8622
Rebekka,Kulzhenko,rebekka.kulzhenko@example.com,21436bed-275f-4868-a995-b3d8942c9d50
Kjell,Wirken,kjell.wirken@example.com,93ff6063-94af-4e1c-a8b7-1fd30483d6a3
Julius,Puro,julius.puro@example.com,1631d7af-2d94-4f58-bcf8-8d55ba08f971
Giovanny,Ruitenberg,giovanny.ruitenberg@example.com,20c39551-dd4c-4dc4-94fd-b18048daaacb
Jennifer,Tofte,jennifer.tofte@example.com,93fd8579-f6c1-49b7-aac0-b33f1506b97d
Kurt,Pena,kurt.pena@example.com,d953c0d5-0554-492c-945c-2e56aa57cbb9
Leo,Jackson,leo.jackson@example.com,db4598c4-7983-41df-9434-62ab144737fb
Hazel,Young,hazel.young@example.com,051380dd-236b-4b39-a542-5f573799d006
درسا,حیدری,drs.hydry@example.com,3ce7d7a7-d554-4dae-8141-e7b449cb7fd8
Amy,Harris,amy.harris@example.com,e2f9f75d-5592-4f69-b650-7a1e0cee78ca
Johanne,Johansen,johanne.johansen@example.com,403c18da-ecae-416e-beb8-65560e1fc41b
محیا,موسوی,mhy.mwswy@example.com,99671c1c-2c49-44c2-bb2e-e0077392890c
Girish,Moolya,girish.moolya@example.com,7d40053c-7215-4c12-9c00-0bf96fc925aa
Magda,Buse,magda.buse@example.com,a6805e86-f8fd-4348-9861-00c7fade5772
Paul,Adams,paul.adams@example.com,1b620591-d29f-4524-9821-af6b19e545b5
Natalia,Lugo,natalia.lugo@example.com,a9d03aa7-1f38-4324-8548-361191653f07
Tobias,Poulsen,tobias.poulsen@example.com,f8f4bf1f-cdf1-4c81-b8df-b638f52b05d2
Aayush,Rajesh,aayush.rajesh@example.com,a8bc33ce-fe7d-4608-a526-5d7b7bd0fb16
Susanne,Ward,susanne.ward@example.com,d04864ca-b0af-4a84-a5ab-bd89f15b9673
Victoria,Márquez,victoria.marquez@example.com,4175ce2c-ba9d-4ffc-9faa-24fece32d681
Leonardo,Saiz,leonardo.saiz@example.com,86269f5e-8c74-4eee-a3dd-5a633f398768
Aslihan,Schavemaker,aslihan.schavemaker@example.com,5cc0b653-830c-49a2-aaea-77d2a5c90b28
Brandie,West,brandie.west@example.com,134eb208-124d-4fc4-b8a3-da1b1a6fa6df
Batur,Kavaklıoğlu,batur.kavaklioglu@example.com,fc84593e-80b0-4a6e-89b5-977f2e666298
Ofelia,Balderas,ofelia.balderas@example.com,5c0f24a6-4856-49b8-ad13-3acee6703e5a
Kasper,Hakola,kasper.hakola@example.com,91602304-efe7-4fc8-84da-9b8d3fa97d9b
Gianna,Arnaud,gianna.arnaud@example.com,56145d2f-f684-4a52-bf38-1cc06296fa5b
Carol,Graves,carol.graves@example.com,6cb785b4-2edc-457d-8a31-6da8aa0e9777
Walentina,Hinkel,walentina.hinkel@example.com,17d72bce-ca8d-4ab3-a02e-940b7b51ea0c
Juliette,Knight,juliette.knight@example.com,84e8a6ad-638a-4052-b657-2b803f5119a5
Maëva,Meunier,maeva.meunier@example.com,5891cf53-9e7d-4eea-bfbb-178b7321c54f
Barry,Pierce,barry.pierce@example.com,749a7168-5b68-4f41-9804-ccccbb4df808
سینا,کامروا,syn.khmrw@example.com,d62d2649-d68c-4065-a9a0-cffc9eeb0568
Marisela,Cedillo,marisela.cedillo@example.com,c7905213-cfa4-49c1-a7b0-54d0012012b8
Gunther,Faller,gunther.faller@example.com,ea321eaf-b445-46aa-af45-98dfab84c00a
Jeremy,Ennis,jeremy.ennis@example.com,19034c22-aa3d-4f60-bba1-c77e9adeac79
Beatrice,Roy,beatrice.roy@example.com,7b72a209-d1c1-4e62-b410-c9061d9fc277
Walter,Lucas,walter.lucas@example.com,e2fbfcd9-0e1d-40d7-b826-d667f0bf83ef
Iben,Kvinge,iben.kvinge@example.com,c67e6f72-c16f-4c79-9cc1-01e51797f474
Carla,Fox,carla.fox@example.com,1c442161-97bb-43cd-b3a9-fc2c0c1e3d4e
Hector,Arnold,hector.arnold@example.com,aec1bce6-e902-417b-8303-bb37b057da2d
Mario,Lucas,mario.lucas@example.com,21b28e4d-0dcd-4e37-ad33-6e651614a81a
Gül,Aclan,gul.aclan@example.com,cc894f55-5584-4a86-b543-32a7cc8adea9
Melike,Tunaboylu,melike.tunaboylu@example.com,f50260fc-2d06-4355-8f27-32498eee7833
Julia,Fuentes,julia.fuentes@example.com,936171c4-26d7-4d19-b7b9-288259e8a986
Jonathan,Cook,jonathan.cook@example.com,336a1a1b-9ce8-42de-8b11-47b27b50c909
Matthew,Margaret,matthew.margaret@example.com,483cf5ba-aeb0-4214-a02b-37f120c0d7c0
Jackie,Tucker,jackie.tucker@example.com,f5e0f238-bc64-4f40-92ea-77ceedb4af4b
آنیتا,یاسمی,anyt.ysmy@example.com,1e396fd6-2a0c-44d6-897c-548d8cc6aee5
Allen,Brooks,allen.brooks@example.com,3a3eeee0-8e11-442f-b55f-b325725c0b77
Joaquin,Lorenzo,joaquin.lorenzo@example.com,3c2a8208-4ce2-46ba-8733-cc3d0d6b906c
Laurin,Roy,laurin.roy@example.com,7ff80066-b048-41f5-bcf5-c274d49783ec
Dominic,Clark,dominic.clark@example.com,476fca59-c1ca-4980-a902-3e2f8b08370e
Cecilia,Santillán,cecilia.santillan@example.com,245c0734-70bb-4c90-b663-c871b0ecb302
Zackary,Grewal,zackary.grewal@example.com,860cf575-bdf0-474c-a75f-1ba3feb43a95
Mustafa,Denkel,mustafa.denkel@example.com,7978d271-d819-437a-be5c-3e2450fc3841
Edvin,Natland,edvin.natland@example.com,70b659ea-9d7a-4afa-ba69-041f9356d005
Nooa,Tuomi,nooa.tuomi@example.com,07c66278-a3a8-418d-8dbb-aba0473bea6b
Ingetraut,Busse,ingetraut.busse@example.com,c3152fb1-92c8-4440-a3a0-568e45d47398
Indie,Smith,indie.smith@example.com,9106a556-6cfa-48a1-9747-d79f932c65d2
Esmeralda,Chornovil,esmeralda.chornovil@example.com,a99d5583-7248-4e7e-9f70-414ba690479e
ماهان,صدر,mhn.sdr@example.com,2bc0e247-f91e-441d-8a1d-3c354134ba34
Ignacio,Soto,ignacio.soto@example.com,9afb426c-8cb6-4fb9-9714-8bd4543a13e9
Dione,Almeida,dione.almeida@example.com,82d47b47-ac07-4fe9-aea3-e93cfd8cff46
Asher,Taylor,asher.taylor@example.com,e3584618-862b-4764-ad03-b9f1f0934652
Gavin,Holt,gavin.holt@example.com,c70a1f6f-234e-428c-9728-f9653f042fcc
Lilja,Rinne,lilja.rinne@example.com,a4c5ecc0-5806-402a-b217-1d4a3237fb7e
Katharina,Morel,katharina.morel@example.com,9cff30f8-8386-4335-bf5e-f7e1a120fb1d
Rosalyn,Silva,rosalyn.silva@example.com,a0d336a1-1e52-4096-b6f0-4f8be8b21473
Arturo,León,arturo.leon@example.com,65c76adf-caaf-4e51-9c57-5de0a27239ed
Séléna,Berger,selena.berger@example.com,4f11cc67-91b7-4ed1-b168-cb9868975d99
Adem,Westphal,adem.westphal@example.com,47d81a14-30e6-4562-bfe2-4b88a0492c2c
محمدپارسا,گلشن,mhmdprs.glshn@example.com,dd2835fb-a8b3-4928-8dee-8a101476bbba
Carl,Elliott,carl.elliott@example.com,b5387746-0698-45a6-b352-6a24f67010c8
Joey,Long,joey.long@example.com,0b647919-5eaf-479d-88e0-95fc1f6f1d6c
Laurenz,Pieper,laurenz.pieper@example.com,8cbbfad6-65e2-4b1c-8e17-ef4b33d91301
Emilia,Maunu,emilia.maunu@example.com,ba90e207-0516-4a14-b74c-52f7f4baf570
Ceyhun,Ekici,ceyhun.ekici@example.com,11d4646a-a3cd-4801-89b7-8553138db01c
Sheryl,Grant,sheryl.grant@example.com,336b27e6-4a01-404a-90ce-0eb75aa0c17c
Sonja,Renard,sonja.renard@example.com,a891763c-80c2-4c1f-846f-9df61a38f9b8
Leevi,Kivisto,leevi.kivisto@example.com,b585769c-5efe-4ca6-9bbc-31167db0dea8
Raquel,Núñez,raquel.nunez@example.com,c2410b76-7bcd-4488-a513-f917a0daff1d
Sebastian,Christensen,sebastian.christensen@example.com,d31ff206-eaac-4328-bb70-d58de4409d3b
Olivia,Pesola,olivia.pesola@example.com,8b12c458-253d-45f8-b69d-f55b84a19c59
Louis,Fletcher,louis.fletcher@example.com,9a6cab7a-210b-4606-b2cc-d829a100a31f
Steven,Steward,steven.steward@example.com,cac4a376-825b-47aa-b764-7f6310fe2cdd
Esma,Doğan,esma.dogan@example.com,17131c19-1cd8-4c2f-aef0-efa7abbbf324
Marcus,Olsen,marcus.olsen@example.com,9ea3d221-db92-4976-a091-96ed9cbdc93f
Loke,Ahmadi,loke.ahmadi@example.com,8fe24199-6c90-437f-adf4-214e977adc2d
Rachel,Howell,rachel.howell@example.com,e38cccb3-f626-43b0-9c9d-7bc4aa8288ac
Bryan,Stewart,bryan.stewart@example.com,ab7dd70f-00c3-43c0-9930-6b49ef9f1359
Kelsy,Verhage,kelsy.verhage@example.com,6aae2b88-996b-40e4-b869-302631a369fe
Eva,Torres,eva.torres@example.com,772d9945-cae3-4c16-9a46-0a7ccd5e090a
Claudia,Corrales,claudia.corrales@example.com,d95c464b-1bf0-4da7-8bd5-0efef547af23
Bruna,Muller,bruna.muller@example.com,4790999b-d0c5-4997-b465-cf8950e86a7c
Deniz,Sletner,deniz.sletner@example.com,12ff681e-d283-466b-a698-60a7d8e28b3e
Tseard,Karaca,tseard.karaca@example.com,d1ce8e4b-522e-43c5-8bcc-345048c3fdb0
Oliver,Clark,oliver.clark@example.com,99fb76ff-9e4b-4ad0-84c7-14ad95038128
Daisy,Evans,daisy.evans@example.com,dc173f91-7c88-4e65-a851-ea6811ba0f9f
Allie,Crawford,allie.crawford@example.com,6587c00f-c1c1-41bc-83fd-4ff6ec22c563
Helmi,Lepisto,helmi.lepisto@example.com,1aa1cc8c-f47a-42dc-af3c-2b892648eee7
Barbara,Burton,barbara.burton@example.com,44752728-9980-4f39-96f3-db306183abbe
Zoreglyada,Vovk,zoreglyada.vovk@example.com,725fbcfa-9c4b-40c9-9795-e7f6019959bb
Lexi,Tersteeg,lexi.tersteeg@example.com,daf8beef-c011-4a54-9857-1147c7c4e11e
Dwayne,Gardner,dwayne.gardner@example.com,87ad5cb5-d549-47e0-b28e-9900bcf728ff
Griva,Mudrik,griva.mudrik@example.com,154c66f4-2274-447c-945f-d0ac5c0258f8
Minea,Saksa,minea.saksa@example.com,5f87a3c9-ae86-4029-8785-899180cb1c0b
Arttu,Latt,arttu.latt@example.com,1bbd8420-f2a2-4104-b494-7b624e24e5e8
Samantha,Snyder,samantha.snyder@example.com,e96c4ac2-4aec-435d-9a45-ea22fb63c552
Lourdes,Alonso,lourdes.alonso@example.com,5c79a868-ea1b-415b-8963-b8e346ad47d4
Martin,Ramirez,martin.ramirez@example.com,5c529b99-67f5-41dc-9a0f-cfaee0b8a696
Dilza,Sales,dilza.sales@example.com,1759f3d0-03f3-47ab-8b77-c2a9c556655a
Ron,Garcia,ron.garcia@example.com,779a0c27-3552-492b-b1b6-781efa16f606
Abhimanyu,Thampy,abhimanyu.thampy@example.com,36b23e41-38b3-4242-990b-b8adef3cf6cd
Kimberly,Harrison,kimberly.harrison@example.com,adffae8b-3a6c-45ff-b0c4-fab6ccd6fd6a
Mustafa,Fretheim,mustafa.fretheim@example.com,d355f902-e164-4a09-9c01-b8133d0d1574
Inaya,Brun,inaya.brun@example.com,00fcafec-539b-4694-a374-611ee58a9030
Darío,Rico,dario.rico@example.com,de8988c9-6496-4f82-a157-ae763acae0b9
Joe,Miles,joe.miles@example.com,9d7fea5c-f348-4700-8cc3-28acdab43a71
Felix,Walker,felix.walker@example.com,84361d21-6cf8-46d2-b624-2a23a07f3f06
Jean-Claude,Faure,jean-claude.faure@example.com,75c9116b-ca6a-4a30-a149-1b7fbda7825a
Darpan,Hiremath,darpan.hiremath@example.com,46716a6e-947d-4e5f-8b0a-c3ec4e3973c1
José Manuél,Gallegos,josemanuel.gallegos@example.com,431913ba-d301-4edd-bbbd-e171d02456f9
Johnni,Wade,johnni.wade@example.com,612b04ae-8c35-4136-9615-1e4f83e5c2e0
Josefine,Hansen,josefine.hansen@example.com,b71e7aa5-547e-4fe3-887c-3c9b09dabc70
Eva,Stevens,eva.stevens@example.com,cd0b0cd1-dc2e-4799-867c-016bc81e30cf
Augusto,Ulloa,augusto.ulloa@example.com,9842b1c9-f562-4f6d-8858-08c84fa32757
Adam,Schmidt,adam.schmidt@example.com,19aceb0a-f0ba-41f3-8c51-ae18a1d398cc
Fletcher,Lewis,fletcher.lewis@example.com,d602de7b-2c96-4c6a-ba66-6b7f20cc2f25
Alexandra,Singh,alexandra.singh@example.com,a6cc8ca1-b5c5-4f78-ab54-b68b2c491bf6
ملینا,صدر,mlyn.sdr@example.com,2faf3969-b2fc-4f72-b6e7-c094e17e9ed8
Tayisiya,Goroviy,tayisiya.goroviy@example.com,f67ba861-5200-4fa7-a364-44a75561288b
Tamara,da Luz,tamara.daluz@example.com,0bea0685-f3e9-4a4a-bf4a-9504a5ddb040
Jesus,Andrews,jesus.andrews@example.com,0b34d6a2-5e1e-4823-bdcd-c59babafb130
Astrid,Larsen,astrid.larsen@example.com,21438c7b-8876-43f8-9203-4bf02416bdb5
Ouidad,Debie,ouidad.debie@example.com,ec81ca30-fbf8-4f3b-aff7-5256629df204
علی رضا,کامروا,aalyrd.khmrw@example.com,03a85503-bd20-4098-bdee-23458ea8d46c
Alisa,Ieshchenko,alisa.ieshchenko@example.com,1346309d-c28d-4576-877e-b03f2f8c3368
بهاره,صدر,bhrh.sdr@example.com,1828a8ff-a4d8-4f4f-bd09-92ad0e90d16d
Blake,Patel,blake.patel@example.com,66973f13-9472-47fa-9767-28cbdd52a0a2
Enora,Lambert,enora.lambert@example.com,0c352831-e94d-4f34-8158-668988e68f03
Josif,Miljković,josif.miljkovic@example.com,0bebfa44-ed5f-4da7-a3c5-222f403cfb31
Ángela,Rocha,angela.rocha@example.com,97616c17-2b83-470f-b218-7e090c898c8a
Chloe,Li,chloe.li@example.com,11bb2ea4-ac8f-4642-b30d-6578a95de098
Deniz,Yalçın,deniz.yalcin@example.com,0fd39f01-151e-464c-bc58-ae5b78a6fd5f
Olivia,Christiansen,olivia.christiansen@example.com,6b0023ee-ad59-4225-bff5-9da44a997d3f
Wally,Kunde,wally.kunde@example.com,056aa2a8-4d56-4ab6-830b-907288189b18
Ornella,Vidal,ornella.vidal@example.com,0a0c17f4-8be2-405d-8b2a-65c5ad0f9fce
Minttu,Maunu,minttu.maunu@example.com,43ae4b5c-4bb4-43f6-a761-fcbaa5118878
Dileep,Bansal,dileep.bansal@example.com,d36ba4a0-c402-4006-8702-0ce62a8cab6f
Yahia,Doorn,yahia.doorn@example.com,75cd838c-6194-42b7-ad94-1785f44c8e65
Austin,Johnson,austin.johnson@example.com,9d7aacb9-dbe1-4344-a660-3afda4c858a3
Jo,Engen,jo.engen@example.com,def87a18-546a-4bf3-a9ab-663b69eabaad
Sheryl,Fleming,sheryl.fleming@example.com,d001c5e1-609b-45cd-8efe-9e17695d5939
Harry,Howard,harry.howard@example.com,8bb325e2-12e0-4a1b-8181-9afa10141838
Gail,Fernandez,gail.fernandez@example.com,e633be02-5bd5-4975-9052-2bdf81a7a184
Sophie,Myers,sophie.myers@example.com,591515df-02ca-4fec-a478-d5f72233c12e
Dilana,Onink,dilana.onink@example.com,0b7c5825-e395-4e34-a024-fec5daa02b8e
Hervé,Vincent,herve.vincent@example.com,aedcc3d3-cd29-482d-846f-4e0b77a0c12d
Live,Næss,live.naess@example.com,88d028d4-b1b8-418a-8d61-a5475161a511
Luciana,Bertrand,luciana.bertrand@example.com,cb5243ff-beb4-4045-b149-1954527df8d5
William,Poulsen,william.poulsen@example.com,ab59a25c-12af-4851-8b5f-1dc542c7056e
Andrea,Morris,andrea.morris@example.com,22b61df3-1764-4238-82d0-32312fdc5d89
Gaetano,Hasse,gaetano.hasse@example.com,474ea503-1e2e-4387-9a0e-9b99fe4d6abb
Álvaro,Hernández,alvaro.hernandez@example.com,5cab3d72-1c04-47db-8683-8f3fd0473feb
Annette,Fisher,annette.fisher@example.com,c4ade01a-4dec-4d0f-8acf-bb0cd4e3337a
Thea,Jensen,thea.jensen@example.com,37c781f1-11f3-42d3-9f17-44fa0f7edf7d
Flávia,da Mota,flavia.damota@example.com,bc704f28-53f4-4a7f-8cc1-63a24c28281b
Concepción,Lorenzo,concepcion.lorenzo@example.com,79723bd0-27bd-4ec5-88d9-2d29180837b7
Edward,Thomas,edward.thomas@example.com,3b9e3af5-22b4-47f6-a5d5-cccae6479b7f
پارمیس,قاسمی,prmys.qsmy@example.com,26031da1-36a0-401d-8dae-46ce820f687a
Arthur,French,arthur.french@example.com,305bb580-cd7d-45a7-83b9-45188435d3f6
Erling,Nygard,erling.nygard@example.com,606d7417-2b0e-40da-8dc6-f1e894f11bfc
Merle,Handels,merle.handels@example.com,4cf8c8b5-5cf1-4d45-b3b6-8d6641a500ee
Emma,Walker,emma.walker@example.com,16042d77-4b23-4ae3-ac6c-bc27ca1a329f
Lewis,Clarke,lewis.clarke@example.com,918c7a43-dd62-4ba7-a0f6-08bf7e72ba95
Miguel,Tejada,miguel.tejada@example.com,bc47d1b9-ca80-41b4-8b31-826031e0f4e7
Pranav,Hiremath,pranav.hiremath@example.com,bf688e16-eb6a-43a1-8883-fd54c5e0c19b
Natalício,Souza,natalicio.souza@example.com,080bb987-dca5-4c5d-8b84-7ff6efd73028
Julia,Moreno,julia.moreno@example.com,b47eda5a-e34c-449a-8dab-7ccb9ea9bc9e
Nachiket,Raval,nachiket.raval@example.com,8907266c-a9bf-4690-9e78-c04240f99d2c
Manuel,Hidalgo,manuel.hidalgo@example.com,dff0b8f8-88d9-4822-9511-830eaedddd18
Darryl,Williamson,darryl.williamson@example.com,1b39ad34-575b-415a-8fb4-3cda59fb34db
Eva,Hale,eva.hale@example.com,9789eb2e-ab25-429d-9a8a-981c11c6ba4e
Alicia,Kverneland,alicia.kverneland@example.com,ff335b13-4f0f-4364-a981-5c0d690080c6
Ramón,Melgar,ramon.melgar@example.com,8a666465-1b8d-4823-8f8d-c0f1819b815b
رونیکا,محمدخان,rwnykh.mhmdkhn@example.com,e9009a86-bc1d-4afb-af18-99620435322b
Mahamed,Torkildsen,mahamed.torkildsen@example.com,e1151be4-23e7-4c8f-8854-93814fac5674
Lea,Andersen,lea.andersen@example.com,334ae2e9-e6c4-4458-b14d-4b85e33ee8a6
Radmila,Radović,radmila.radovic@example.com,3589a375-0248-4dfe-ac71-4780280fb28a
Konon,Mihalchenko,konon.mihalchenko@example.com,a8e02f11-d00e-4bac-bb6c-a44c7a306cc7
Vedat,Küçükler,vedat.kucukler@example.com,d10c3eaa-2946-4df5-ba94-fbace543ddfa
Yandel,Cepeda,yandel.cepeda@example.com,9cc2fe38-a441-4070-8ae8-22cb1571b40a
Rosemary,Mckinney,rosemary.mckinney@example.com,7d97930f-5050-4718-a490-275730974e62
Niilo,Kilpela,niilo.kilpela@example.com,a653b885-4e51-4bbe-bf10-be9fc2a3d0dc
Eino,Salo,eino.salo@example.com,980df617-9e27-4e06-b48b-eecea2e1c255
Logan,Li,logan.li@example.com,14719e45-0e9e-4634-8015-54a17d7f21b7
Willelmina,Viana,willelmina.viana@example.com,3adb0723-31b7-459c-9058-7a0b2e018b99
Zoey,Griffin,zoey.griffin@example.com,55abdcdf-b521-4490-9316-7c7deebc47bd
Nawal,Skår,nawal.skar@example.com,aef2e855-9717-4d61-9b88-b8bf76487feb
Elvia,Monroy,elvia.monroy@example.com,63b192c8-dcfa-4793-ba1e-52f23aecac1c
Halil,Andre,halil.andre@example.com,4ecf3e3b-8b6b-4a40-8e03-44c09690c25c
Jonathan,Collins,jonathan.collins@example.com,204a1ea3-b2ff-4a51-84f6-590f7953c701
Jørgen,Sand,jorgen.sand@example.com,69de0494-a1fd-4160-82c8-4ae2dbf9d407
Abílio,de Souza,abilio.desouza@example.com,8d003b48-07a5-4f9d-816f-4f18476bae46
Addison,Bélanger,addison.belanger@example.com,1d7a12e3-061e-40ef-a213-91a52175aabf
Cecilia,Mesa,cecilia.mesa@example.com,ed222b1e-2737-474f-a553-1db126b03de1
Suzana,Jeremić,suzana.jeremic@example.com,fddba2c4-3461-4fb2-8010-78321e1bb96e
Alice,Green,alice.green@example.com,62fcc3e4-61fa-4024-980d-a9e51fd93ef7
Babür,Çamdalı,babur.camdali@example.com,5cb05e81-3db4-4ba4-b036-9ca285120d22
Toivo,Kinnunen,toivo.kinnunen@example.com,5ab5dbc0-1cf6-498f-a265-092c7a51a9f4
Reginald,Snyder,reginald.snyder@example.com,3f1e6826-dbaf-4d61-bbf2-3b0645467108
Florin,Deschamps,florin.deschamps@example.com,a54170eb-bf75-4aed-8e0c-ce85b7274437
Ella,Walker,ella.walker@example.com,0395afff-ca5f-410e-b537-f02d432cfe62
Zachary,Smith,zachary.smith@example.com,01656497-8213-429a-a91c-10e4f4da2adb
Lea,Nielsen,lea.nielsen@example.com,8b755881-0f6b-4b9a-afbb-03b1bc0245ea
Guenter,Dörfler,guenter.dorfler@example.com,cd6049fd-052f-4105-8fd7-851f657f2167
Gabriel,Ellis,gabriel.ellis@example.com,63f64050-6940-436a-841d-322332a9f02e
سینا,سهيلي راد,syn.shylyrd@example.com,7b58b8df-6967-42ed-bac1-24beda00c965
Jackson,Patel,jackson.patel@example.com,bb93cb0e-34ad-46ca-a3d8-e6dd9f6b1059
Isaac,Vega,isaac.vega@example.com,1fcbacf9-876a-4054-8c39-78e56b2fade6
Biljana,Mitrović,biljana.mitrovic@example.com,042e8198-430b-4109-8947-6952de7fc1f1
Sacha,Fleury,sacha.fleury@example.com,d6aa554b-4c74-4404-98e2-2f17cb1a3946
Hailey,Andersen,hailey.andersen@example.com,03b88031-e4cd-43e5-bafa-05c98c0c3993
Ratna,Goud,ratna.goud@example.com,e6861d5b-3f71-4149-9f42-c8a27501653f
Malou,Petersen,malou.petersen@example.com,2c43ddf1-3b93-4f11-bc3b-a13b4b67c30d
Teodosije,Jović,teodosije.jovic@example.com,d8c2e013-287a-405b-b37d-8c7ee941f69a
Harshitha,Shroff,harshitha.shroff@example.com,09dddf38-289a-45b9-8f21-605899315c4a
Juan,Solís,juan.solis@example.com,66816641-4d6d-4135-a504-1ac65c49759c
Michell,Maaskant,michell.maaskant@example.com,1d1ef74d-7855-4b66-b6dc-c8c540dead5d
Alicia,Pastor,alicia.pastor@example.com,27741175-5f2b-4ade-81b1-88111017ef21
Carolyn,Ellis,carolyn.ellis@example.com,aede00f4-f364-4437-b284-8345484b358f
Beatriz,Martinez,beatriz.martinez@example.com,93852d76-adc1-45a0-b54f-8e79855c9cfc
Louise,Olivier,louise.olivier@example.com,7ce22b22-a690-4851-857b-f6c7b5c5384f
Charlotte,Fox,charlotte.fox@example.com,653ec39c-8a2f-41ec-8319-ea0c8ceaa254
Olindo,Nunes,olindo.nunes@example.com,8e5ca409-9ed7-42ef-8dbb-a8082233d9b8
Lærke,Christiansen,laerke.christiansen@example.com,4349ccc3-8d0f-43d6-a6e0-bc49fd7c73d7
Martina,Tkachik,martina.tkachik@example.com,0fbf2601-1b37-4565-9282-6599a67d5d7c
Ella,Castro,ella.castro@example.com,496217d9-a777-45ba-9fa9-0485028c7d7f
Peyton,Lawrence,peyton.lawrence@example.com,dafe9196-5796-42d8-9c1c-e675a8c62289
Mira,Weyers,mira.weyers@example.com,d55ad01b-da16-4322-99a6-91509561f0cc
Emmie,Gautier,emmie.gautier@example.com,288e9fd8-33e3-4799-894e-ce1ee41c2b88
Davina,da Paz,davina.dapaz@example.com,e410a03d-4611-491e-8e36-fa672ed072f0
Isabella,Madsen,isabella.madsen@example.com,55975505-10ab-4863-acbf-a71e22f8e284
Noora,Lindseth,noora.lindseth@example.com,e9d53ccc-d394-46ea-8571-47855d32fbe1
Elif,Polat,elif.polat@example.com,c3b2f0c0-50dc-48e8-9ad4-ee707eb02262
Svitozara,Chaykivskiy,svitozara.chaykivskiy@example.com,12f887a6-23f1-4cab-8f3c-74109cbc257f
Aidan,Johnson,aidan.johnson@example.com,2bbfd1cb-0fec-426b-ad83-5445c95d41da
Lincoln,Jackson,lincoln.jackson@example.com,e7a37cb0-a968-44d8-8043-7c55aa79a30a
Jens,Jæger,jens.jaeger@example.com,8e0464ba-bd6e-4fd2-94e9-8a6c238623e2
Barb,Cox,barb.cox@example.com,bda5f000-549d-42f2-b8e2-2b3ecf5c2c9e
Curtis,Hopkins,curtis.hopkins@example.com,3bd50bc4-c548-4d39-bc65-10f828655aa6
Gökhan,Tahincioğlu,gokhan.tahincioglu@example.com,764b5d09-e43a-4c4d-af89-9160f8452605
Grace,Martin,grace.martin@example.com,dfdad317-007d-49a6-acbd-cd02affccb36
Ermin,Valster,ermin.valster@example.com,028e7574-d413-4ba1-9c0e-28e3670cc554
Heinz,Masson,heinz.masson@example.com,b6e2e4f6-5140-481c-b5d7-48bec39191f4
Clifton,Richards,clifton.richards@example.com,5540fd7d-6957-4ab9-a016-d1d147994b52
Vanderléia,da Conceição,vanderleia.daconceicao@example.com,a36e2567-ea62-4c24-9b76-8193ddf9f403
Jimmie,Dixon,jimmie.dixon@example.com,1f4f06a1-44f0-4a79-9a77-6c1dca21d647
Rai,da Rosa,rai.darosa@example.com,ff0a7df6-1185-4f53-ac09-4ed04d26fa19
Rishaan,Anchan,rishaan.anchan@example.com,edabae3d-4d4f-4625-a278-83d5dd8ec777
Otto,Moilanen,otto.moilanen@example.com,f61acb2b-e31e-4814-b3d9-8f1cc36ff29c
Mathilde,Jensen,mathilde.jensen@example.com,75c0d84a-859c-492f-b816-516980091da9
Jordan,Perkins,jordan.perkins@example.com,6e9597ad-a82f-4090-9f52-108614a3a287
Emanuel,Lundh,emanuel.lundh@example.com,dceb770d-c1a7-4291-bc04-4a0aba67ff2b
Nina,Popović,nina.popovic@example.com,1d8b785f-1fb3-44fe-ba82-144219f36c25
Candice,Leroy,candice.leroy@example.com,98777664-2eb8-437a-9213-7d6f05378ac8
Jessica,Gardner,jessica.gardner@example.com,c60223b0-e859-4151-8759-8dd0242c5dbc
Marshall,Robinson,marshall.robinson@example.com,d06bc53f-943b-48ca-974f-0e9380e9df5c
Harry,Davies,harry.davies@example.com,69270dd4-d51a-448e-9250-6356f6c57e90
Nooa,Hiltunen,nooa.hiltunen@example.com,57fcf97c-e567-44aa-814d-ca851ec289d3
Terry,Castro,terry.castro@example.com,c31ea7ef-dd65-46a1-a338-35f7803c038b
Özsu,Toraman,ozsu.toraman@example.com,008bacba-ff05-46f6-bd42-b871822fad1c
Ceylan,Ozansoy,ceylan.ozansoy@example.com,9dd6460d-ba85-4548-8329-14c0b8ffe746
Melissa,Murray,melissa.murray@example.com,9403054c-97ac-4222-9c83-70cae301d6f5
Mar,Barros,mar.barros@example.com,3cdba892-fbe5-437e-892e-6daadb25c0d2
Donna,Newman,donna.newman@example.com,a4e241a0-a8d7-42dc-9ebb-22785d6c45f9
Sylvia,Roger,sylvia.roger@example.com,b0e2c822-4bc1-4a1d-85ce-9c008048a2d5
Rushali,Rao,rushali.rao@example.com,2d4c7491-ee99-421c-bb6e-cd3cf76994fa
Olve,Fjellstad,olve.fjellstad@example.com,98654862-b605-4c5f-8d46-8793b44f5ee6
Mario,Pastor,mario.pastor@example.com,8d28cfb5-a601-4dac-9afe-86712783d1d4
Abdelaziz,Vreeswijk,abdelaziz.vreeswijk@example.com,555e478c-d128-43e3-adc5-b2d659a9dd5f
Cléo,Fernandez,cleo.fernandez@example.com,14a1c16d-bb14-4a7b-8a6e-917944194835
Eva,Gaillard,eva.gaillard@example.com,282522ab-d9af-4a6e-a4d2-cc96dc7d7c2e
Eloy,Pizarro,eloy.pizarro@example.com,8272c0fb-2fd4-4873-bbaf-5796b7b0f29d
Camille,Sirko,camille.sirko@example.com,b268c17c-7c49-4b00-9cfd-15d9e670fb7b
Luca,Dvergsdal,luca.dvergsdal@example.com,feb9e2f1-9759-42d3-be32-cd7cf3c2254a
Sasha,Barbier,sasha.barbier@example.com,a4d56f1a-4a1a-429a-8ea5-84d9641bc142
Kuzman,Zekić,kuzman.zekic@example.com,a41bc562-0118-4048-b2de-53cfe1b3c766
Jubeline,da Mata,jubeline.damata@example.com,1928e84d-8667-47b7-bd4c-bb795b3ab01e
Latife,Karaduman,latife.karaduman@example.com,52426d20-15e6-4c20-bcc7-dbe7babed3da
Dorle,Hanf,dorle.hanf@example.com,22a3945c-940a-40fb-bd41-28a058fe1246
Iago,Costa,iago.costa@example.com,4453022a-83d6-4c9d-9c0d-8e2832de241a
Yagnesh,Chiplunkar,yagnesh.chiplunkar@example.com,ae6108e4-67b1-463d-b2ab-ed3b2661692d
Daniel,Evans,daniel.evans@example.com,8923a3f8-e89d-4799-81ee-88804534e84f
Warinder,Gamskar,warinder.gamskar@example.com,129c4385-7166-4902-80de-e822e37b997e
Emily,Fisher,emily.fisher@example.com,77c26333-635f-4e57-b453-da0fc53c6dc7
Diana,Regalado,diana.regalado@example.com,ab065177-d9a7-46a3-8cc9-b63c12eb004c
Victor,Aubert,victor.aubert@example.com,b90c80d6-2d8f-49ea-9d7a-bdc26597dd7d
Millie,Hughes,millie.hughes@example.com,bd612940-13de-49ed-994e-17eefd18e2bf
Gabrielle,Andersen,gabrielle.andersen@example.com,b93813a6-34ac-4aa1-b4f4-5514337335dc
Elvira,Ramos,elvira.ramos@example.com,499c4ac0-b6f5-4522-93fa-b6a2f18d86f3
Regina,Stelmah,regina.stelmah@example.com,a236f52e-93d0-4e18-b396-8613a8ba72e6
Ishita,Nand,ishita.nand@example.com,0bc7a375-73f8-4b4e-b613-1bc99f0518c3
Mikkel,Christensen,mikkel.christensen@example.com,c0427d10-15d0-46a1-90ac-2ac64f5b43bd
Burim,Roussel,burim.roussel@example.com,91c57c42-2ae1-419b-be4f-fbef0afbe7d9
Maria,Petersen,maria.petersen@example.com,5fdba83b-d2c5-4419-aaec-44fd0935a9b7
Nathanaël,Boyer,nathanael.boyer@example.com,0fa8fe5b-8bfb-4c7f-ac60-f413053e6a85
Kornilo,Timochko,kornilo.timochko@example.com,1aa90f0b-af3f-470c-a397-2b76b503322b
Ratnakar,Taj,ratnakar.taj@example.com,f1c0fb4e-76ed-45b8-8f7a-6ed73f0bd9f9
Victoria,Prieto,victoria.prieto@example.com,3691f851-aac1-46c9-982d-0cf9ca448a61
James,White,james.white@example.com,31a09df4-dfd4-444f-87dc-c6bb3429ebd4
Harini,Andrade,harini.andrade@example.com,6fdd01ed-5241-49c0-98d6-fea692120bf0
Vivek,Dhamdhame,vivek.dhamdhame@example.com,72828edf-fdc8-4302-aea1-42277c354452
بهاره,محمدخان,bhrh.mhmdkhn@example.com,1527f6de-c52e-4c2e-a03b-1e83fff4e455
Elli,Lammi,elli.lammi@example.com,c90b6451-6a50-468b-bcef-203e56726939
Karolina,Høiby,karolina.hoiby@example.com,5adf11b9-6e29-4809-8717-19f0c038c427
Macit,Akgül,macit.akgul@example.com,6bb44978-fc27-4dc9-b9f0-8e5186ca45a4
Caroline,Thomsen,caroline.thomsen@example.com,cbe32013-e48f-433a-932a-6e11d04c6fa8
Matteo,Sarwar,matteo.sarwar@example.com,f321d273-8296-48c1-84b9-def18544f493
Clara,Johansen,clara.johansen@example.com,9ee46198-ed47-4bd6-a33b-27303f592750
Jörn,Gonzalez,jorn.gonzalez@example.com,cd2d7af1-c33f-4659-b738-2bcfb1baedcc
Glen,Larson,glen.larson@example.com,4933dfca-c987-4fbc-b13e-f1c48d8bf2e0
Trinidad,Valverde,trinidad.valverde@example.com,4ba2fe46-e95c-41ba-89aa-607813ee178e
Owen,Abraham,owen.abraham@example.com,280a26d3-359c-4d7f-a05e-173742af4312
آیناز,زارعی,aynz.zraay@example.com,91588419-6951-446c-8f72-acd1424732c8
Katie,Harris,katie.harris@example.com,ba6b5025-5045-4f6a-b77e-c160ba053483
Laurie,Gauthier,laurie.gauthier@example.com,47e5fb85-6802-4b31-a088-9aae8379e99c
سارا,پارسا,sr.prs@example.com,d90a83f5-be73-41b9-ac8b-c6da240d4964
Eugene,Williamson,eugene.williamson@example.com,4731e620-c6bc-4706-929a-fb4c0497fc93
Kübra,Elmastaşoğlu,kubra.elmastasoglu@example.com,035b20db-c9b3-403e-872d-96570eb144b8
Melissa,Rogers,melissa.rogers@example.com,ba41ab13-fef8-4131-833e-b452ee8b3d0d
Africano,Rezende,africano.rezende@example.com,2015e295-9bab-4e8e-b95e-544f6e7a48c7
Emily,Johansen,emily.johansen@example.com,ce4cc789-e998-45e4-809f-05c925720a90
آیناز,جعفری,aynz.jaafry@example.com,de40af15-5b6c-47c1-a1c2-760a811e5092
Christian,Petermann,christian.petermann@example.com,232d96cb-af06-4ebd-834e-c4d8d0a7bdef
آیناز,سهيلي راد,aynz.shylyrd@example.com,012c4088-58c3-4c79-982a-392ffc99b6aa
Eline,Joly,eline.joly@example.com,d0e086fe-40da-4286-b52a-e605b5522365
Dolores,Moreno,dolores.moreno@example.com,08d5f0ea-63d4-458b-8648-9e20ce25065e
Eduardo,Hawkins,eduardo.hawkins@example.com,4cde12bf-69f2-446e-9bea-caf714637f11
Barb,Larson,barb.larson@example.com,863b8cb5-4e15-4b27-b980-4d9ed6fd4e89
Eden,Wilson,eden.wilson@example.com,6ce78ca0-58e7-4c7b-a84d-7357ca8eaf59
Mia,Novak,mia.novak@example.com,a0dfd411-58d9-4829-8aa9-de973b50b49e
Lucius,Groote,lucius.groote@example.com,b0ffa748-aeb2-4520-9d84-b58d067eee77
Babür,Kuzucu,babur.kuzucu@example.com,d7e57b67-015e-44fd-afeb-958c8eff382d
Javier,Ray,javier.ray@example.com,7e02ca51-37a7-4236-abbf-3023f3bbeab2
Matias,Tanner,matias.tanner@example.com,00b00637-7891-4495-b678-71b5dde552ce
Oya,Demirbaş,oya.demirbas@example.com,43912179-655f-4208-8045-3d894a1e3190
Esther,Bonnet,esther.bonnet@example.com,5a4642c1-0d8a-4ad8-8c78-8cbe073e3bc1
Beatriz,Santana,beatriz.santana@example.com,6d077422-bf51-43fb-94d5-0e33729fd1db
Elise,Schmitt,elise.schmitt@example.com,7c8aae9c-7ffb-4dc7-9bc7-361d96fbb04d
Alva,Fiskum,alva.fiskum@example.com,cfd6f685-a422-48fb-a3cc-398694a14c31
Clara,Rodríquez,clara.rodriquez@example.com,6e7af56d-fa8c-4e0d-a2ec-5176b6245f3b
Samu,Salonen,samu.salonen@example.com,29ebc39b-0936-42b8-9247-1b2c3c91b11e
Joel,Elo,joel.elo@example.com,ec50e772-c4f8-4079-bdd6-3861698739b0
Zorica,Erceg,zorica.erceg@example.com,14419d47-004f-472d-83d0-903c9b96fb70
Anthony,Knight,anthony.knight@example.com,22bf19ae-a9cb-402a-9df6-01e48229fc19
Xavier,Macdonald,xavier.macdonald@example.com,fb9838f5-e179-4ddb-880d-df83690c2f54
Rosalyn,Curtis,rosalyn.curtis@example.com,b7451015-7bc7-41a8-ad2f-94cf7b41a589
Helmi,Manni,helmi.manni@example.com,d2e8b366-a6dc-4b44-b9de-a1854d748a0f
Charles,Dean,charles.dean@example.com,f38f13b1-1de7-4c06-8f2f-e244a85dc4e1
Maeva,Harcourt,maeva.harcourt@example.com,1fefba93-4fad-43ab-80ad-951b5792cf85
Clarence,Wright,clarence.wright@example.com,c5789807-a79f-474b-8e91-5feb09eab657
Faraj,Dhamdhame,faraj.dhamdhame@example.com,64f57a42-5d01-4b60-a139-8086e40f4c1d
Alvin,Hall,alvin.hall@example.com,2af3a116-8c61-4e53-8d7a-0c82f9ce1566
Svyatovid,Yarina,svyatovid.yarina@example.com,8146da49-1890-4dd1-b0ec-57e41388a335
Deniz,Dizdar,deniz.dizdar@example.com,d0cab060-18e6-4c77-9ee5-7197fa26f16d
Suzy,Allen,suzy.allen@example.com,73c9e4e3-cfd3-468c-aa48-424b5a6b9e75
Imelda,Brinkmann,imelda.brinkmann@example.com,d3f96a57-676b-41d9-aea0-34b301803189
Liva,Mortensen,liva.mortensen@example.com,d18e2ea4-73d5-4cda-9975-a98cd45ac19c
Viviane,Leclercq,viviane.leclercq@example.com,1e3e8e4f-d425-4e6f-8b55-019b865b18c5
Ruben,Klakegg,ruben.klakegg@example.com,2d0f0ae8-6a3a-4ac9-ab4a-2648995bfc9a
Maëly,Rodriguez,maely.rodriguez@example.com,b7d38bcf-645e-4ba7-bde9-b2860dffcbf9
Peetu,Ranta,peetu.ranta@example.com,decefdb3-7eb4-4b06-a9c4-62226eed9667
Evelyn,Jones,evelyn.jones@example.com,421415bd-b996-42ef-af59-36696435ff09
Sebastian,Sørensen,sebastian.sorensen@example.com,5866c86c-a09b-4b56-a070-08df77d3b665
Eeli,Lassila,eeli.lassila@example.com,a56b9bc7-6e6b-4cd3-b804-2ef32dec24d4
آوین,گلشن,awyn.glshn@example.com,cf9b5cd8-3fb1-41fa-8595-cc91e361ba2b
بنیامین,کامروا,bnymyn.khmrw@example.com,42ca2fef-11ed-4316-b6b3-29f1a17e285b
Olivier,Ouellet,olivier.ouellet@example.com,ea422601-390d-4d8e-934c-1dc5d80bc9a0
Carmen,Meissner,carmen.meissner@example.com,b65b5dc2-189c-4b26-b48c-138078288ec0
Esma,Sinanoğlu,esma.sinanoglu@example.com,b396abae-8c40-44e5-9672-e369a53c4379
Luke,Diaz,luke.diaz@example.com,2c03f762-b77b-4cf5-982b-79d7f285b6eb
Mayra,Shenoy,mayra.shenoy@example.com,e7bff2cd-8e5f-4bf0-a101-105d7dada36e
Megan,Bélanger,megan.belanger@example.com,1cf226d0-d668-4f0d-a47b-970c1ef541ed
Eevi,Leino,eevi.leino@example.com,da65d835-2902-40e3-9dbb-1376e05c39b3
Afet,Uluhan,afet.uluhan@example.com,1f2465be-0c00-49b8-9d37-5b45d1db547b
Rosalia,Lucas,rosalia.lucas@example.com,0c657c3b-17e1-4683-8be0-6e20effe37fb
Benito,Ulloa,benito.ulloa@example.com,3e8c0331-8313-4ae6-ae38-ea6abef5c749
Aloïs,Roy,alois.roy@example.com,a2d826ca-d8cd-4b0c-bac4-063408548224
Antonina,Friz,antonina.friz@example.com,2407dfd4-8dbf-492a-bf35-77cdf130a7c2
Ramon,Ortiz,ramon.ortiz@example.com,3a1f0a37-fd9c-4a99-97c2-6ad9ce0327dc
Malika,Olivier,malika.olivier@example.com,ae3be58f-4767-493e-9c39-fff8b5b34c5d
Hithakshi,Prajapati,hithakshi.prajapati@example.com,9c0d61ee-0c66-41b2-b11d-737326726189
Martha,Nichols,martha.nichols@example.com,ad1896d9-11ad-476e-a7d5-75cb5306e0fc
Nada,Rolland,nada.rolland@example.com,890a2396-b2d7-479e-9652-4a1737f2cd15
Afşar,Sarıoğlu,afsar.sarioglu@example.com,d9da9c2a-a102-4c93-9dbe-6cd3a2be3fc9
Freddie,Bates,freddie.bates@example.com,83bbc910-c61d-4723-8321-75662cede1c1
Darpan,Anand,darpan.anand@example.com,08856aa0-bcfc-4287-9637-845b49f6a25c
Julie,Thomsen,julie.thomsen@example.com,94ed4e98-00ca-40b9-8ad2-abdf4965584a
Fernando,Esteban,fernando.esteban@example.com,b04a21d9-ed44-4776-8d97-c4fa2d1bdb00
Eugenia,Diefenbach,eugenia.diefenbach@example.com,d732f4d8-c191-444d-9109-925493d2ae0c
Floyd,Tucker,floyd.tucker@example.com,8937bb3f-7912-42e4-a76a-487ce075ad98
Dominik,Ostermann,dominik.ostermann@example.com,e8200ee4-90c3-4352-b757-1dad554338f5
Dobrisvit,Biloshickiy,dobrisvit.biloshickiy@example.com,c756fff6-8481-4bf7-9bb1-5f14084538c8
Dustin,Ray,dustin.ray@example.com,0ee59feb-ec01-459f-ae2b-75895314a666
Meral,Kurutluoğlu,meral.kurutluoglu@example.com,f10d6908-6a58-48b3-9dd1-8bc57dcf7598
Mato,Hoff,mato.hoff@example.com,7ec41d16-e887-4708-ac37-9dc439904f0b
Laurie,Clark,laurie.clark@example.com,2de014cc-ea27-48b1-a910-9d2056316427
Maxime,Ennis,maxime.ennis@example.com,4a70e875-b2a4-4b41-adb7-15fe9303c0ea
Signe,Sørensen,signe.sorensen@example.com,d29ad0d2-4128-4de1-a734-ede7ef7fc96d
Kent,Austin,kent.austin@example.com,15becfcc-9f74-4e1b-b68b-33ceb145afcb
Chad,Berry,chad.berry@example.com,d4fd4824-99c1-4d6b-8ffe-094eddbb9ff5
Marice,Barbosa,marice.barbosa@example.com,d77c8026-25aa-4822-ab70-00fef6d6a16f
Derrick,Pearson,derrick.pearson@example.com,0e7f8eda-5772-49c0-ae7f-24a20475393a
Ružica,Sokolović,ruzica.sokolovic@example.com,fd083109-dff0-43ce-af23-b1306a794893
Josefine,Olsen,josefine.olsen@example.com,86debec3-4a39-4e0c-bc66-973cccd37165
Leo,Nevala,leo.nevala@example.com,b95f0f94-e36a-4499-ac22-c9b293e49ce1
Tobias,Høiland,tobias.hoiland@example.com,18d3f3d9-c2a4-4bb5-99c2-0640155ec1d6
Jeanne,Roger,jeanne.roger@example.com,7d7e67f8-df0b-4972-b0dd-7c49a412dae4
Zdravko,Ninković,zdravko.ninkovic@example.com,81e65e4c-09ff-43fd-9cd2-ed75f33f1428
مریم,کوتی,mrym.khwty@example.com,1408f3e5-1551-4847-968f-e4d4e35c76a6
Coline,Fontai,coline.fontai@example.com,94d19edc-772c-4e9d-a9fc-596a8f47ca08
Onisiy,Lichko,onisiy.lichko@example.com,3cf2d89f-deb6-4298-bae4-0fa0525033da
Josilene,Ribeiro,josilene.ribeiro@example.com,b13090b4-aa5f-49f6-8a29-77ef2e9a98a8
Ricky,May,ricky.may@example.com,26d27b87-43be-4755-8d98-2d19d94ec7e4
Marissa,Weijters,marissa.weijters@example.com,c2662c29-4e83-412c-a4f0-bc6a3012a46a
عباس,نكو نظر,aabs.nkwnzr@example.com,f3cc5d5e-9832-4349-bfee-ff29a5b95f38
Selene,Costa,selene.costa@example.com,a7b33bc9-c2f5-4692-99f0-050fbe48c818
Bértil,Rocha,bertil.rocha@example.com,92ca600b-f314-4449-9bf9-c4099b2e007a
Jade,Mackay,jade.mackay@example.com,f0099af9-899a-47cf-8c2e-266de280ab26
Lola,Ratich,lola.ratich@example.com,ab1aad7a-b4ce-426b-a188-8348c3d7242b
Christoffer,Andersen,christoffer.andersen@example.com,49bc282e-47b1-463f-8e5f-bb9bb82f6773
Elena,Griego,elena.griego@example.com,d3233480-7a5f-400b-8689-3493e9f8f282
Matilda,Moore,matilda.moore@example.com,f054c762-0aec-4ba3-9107-a591f4852e0c
Lydia,Schipper,lydia.schipper@example.com,eee9f458-332c-44b2-86d9-c8d9c2ce2299
Servando,Candelaria,servando.candelaria@example.com,8ecb8980-d0bf-4b8c-b60a-65928d715e93
Blake,Walker,blake.walker@example.com,188343ac-83a2-43c4-826d-e4e6f75cbf91
Reginald,Lawrence,reginald.lawrence@example.com,87a83a82-9490-4f9a-910b-b24839ecf137
Wojciech,Bader,wojciech.bader@example.com,9f7719f0-9749-42ca-bda2-f2503734623e
Philip,Poulsen,philip.poulsen@example.com,fec40248-92a7-48bc-84d4-8db2130bbe40
Marjorie,Garcia,marjorie.garcia@example.com,c46ce770-5ffc-4f06-9d27-fc8d98faea3e
Tiddo,Moesker,tiddo.moesker@example.com,4a247f4a-0a79-4f38-94cb-30836d920fb4
سارا,سلطانی نژاد,sr.sltnynjd@example.com,ac49ea05-c58f-4460-abc5-67cf8550a366
Namitha,Gatty,namitha.gatty@example.com,996c4584-8300-460e-a7fe-c8f6d6fe4219
Jill,Martinez,jill.martinez@example.com,d5f04730-35a7-4cd2-8d18-b445772066b8
Lucy,Vidal,lucy.vidal@example.com,17c56339-bfc5-40be-a25c-5e138c3a5088
Nalan,Nebioğlu,nalan.nebioglu@example.com,c6adc34e-a115-4263-95c2-66a55eeb6590
Francisco,Price,francisco.price@example.com,98e66d3e-1263-487c-be5d-079d8703920a
Paulina,Echeverría,paulina.echeverria@example.com,319d71a3-4cd8-4a8c-8d5b-eedfd5b34744
Dylan,Martin,dylan.martin@example.com,939ad7a5-f711-4310-bb2d-2a8541d13e4f
Miroslava,Lopatinskiy,miroslava.lopatinskiy@example.com,ced2b599-215c-4b13-a3c8-549b74cc20e3
Clara,Christensen,clara.christensen@example.com,21b37bea-cb9b-4790-a955-4a5b38b04e7c
Oliver,Waisanen,oliver.waisanen@example.com,5b72106d-9994-4ea8-96ad-1ea5aa4a3605
Jorge,Limón,jorge.limon@example.com,65931e72-84fa-48cf-ac5c-6949b32f8f70
Sam,Bell,sam.bell@example.com,f9ce2598-e01b-4d3c-97f4-27284a68d178
Hellmuth,Rust,hellmuth.rust@example.com,abc9970c-bc00-453a-a51c-526aedfe06f8
Isabel,Wang,isabel.wang@example.com,98e3d5c9-77b0-475c-ace2-23c0a4821a96
Idris,Yang,idris.yang@example.com,f60e5624-ed00-44c1-bfd9-1d7936177160
Aitor,Márquez,aitor.marquez@example.com,b1661a57-1441-4d12-8868-62ba435a4d01
Ramiro,Orosco,ramiro.orosco@example.com,d3f0eeff-138c-4224-b511-a1b7fb1db9ad
Clémence,Olivier,clemence.olivier@example.com,48d13fb5-21d9-47f6-901f-465a18f7365b
Emil,Christiansen,emil.christiansen@example.com,4cf0c295-343e-4cb0-9789-7a19422d042c
Michael,Green,michael.green@example.com,9fb7dd19-d113-4ae1-bce7-953a47000497
Clara,Adam,clara.adam@example.com,082e30be-0785-46c6-99cf-093071cc57f1
Blanca,Montero,blanca.montero@example.com,ef8df5fc-3b20-48e0-a851-3aab5c758f40
Sophie,Andersen,sophie.andersen@example.com,cf198a24-b32d-492d-bf0a-2619e89a7503
Vanesa,Vázquez,vanesa.vazquez@example.com,d9cd650d-c18c-4d67-9a15-1358683c802a
Thomas,Thompson,thomas.thompson@example.com,a49d7276-a7f0-4e73-a47d-7e5b8eccdb65
Arthur,Gagné,arthur.gagne@example.com,ea4cc113-d0f4-475d-b2fa-7644a752c41f
Oscar,Møller,oscar.moller@example.com,5e5a8d59-eac3-4076-aa81-06efb7034871
Tristan,Watts,tristan.watts@example.com,853a2d4c-e9fe-48fa-b098-11b80834c1b4
Adam,Clement,adam.clement@example.com,57632826-8b1e-4a0d-b68a-fc568c2eaf2f
Sofus,Samuelsen,sofus.samuelsen@example.com,ee699e6a-0346-4203-bbb4-d8575046de1e
Jaime,Carmona,jaime.carmona@example.com,127a0484-9ac7-4720-bbbf-1572b707fec5
Nayda,Antonenko,nayda.antonenko@example.com,1d2a5a7b-9630-4f31-981c-e3c744ad8adc
Gorana,Vidaković,gorana.vidakovic@example.com,ea6924db-9fcf-4f17-8631-654d3032f71a
Hananja,Ulijn,hananja.ulijn@example.com,fdcf57f1-0583-4686-aea0-ae369d94069c
Vlatko,Pavić,vlatko.pavic@example.com,86fa6a9b-0c3f-4d33-aca0-6f44467e12c5
Yasemin,Adıvar,yasemin.adivar@example.com,dd6b33f2-c7e3-4a65-a885-e5fa0f110c02
Sara,Montero,sara.montero@example.com,19c2b8d8-b796-46c8-b985-c04c85eaa19d
Otilie,Halvorsen,otilie.halvorsen@example.com,e4d2a9ea-314e-4a15-bd40-958e275cabff
Marie,Hallberg,marie.hallberg@example.com,83333268-53c9-424c-94f1-3ba7846bb051
Buse,Akyüz,buse.akyuz@example.com,77cf4941-8e89-4305-b904-fa320c696270
Gordon,Riley,gordon.riley@example.com,1be54451-f3e7-4da6-b3f4-bdcf6a7a6f56
Tatiana,Nenezić,tatiana.nenezic@example.com,8bbe3929-a23e-4b79-9175-efe56978d774
Buse,Okumuş,buse.okumus@example.com,c3d94146-3c10-49a4-941b-b5487e2fbfad
Gül,Erbay,gul.erbay@example.com,be83086e-b130-4f96-a675-6dba4085b5da
Kevin,Castro,kevin.castro@example.com,b0c13fab-5b61-4fd4-87ad-20c4197f9cbc
Meral,Gürmen,meral.gurmen@example.com,8194e1b0-c37e-4c1b-a829-1b8aff22261b
Luna,Barbier,luna.barbier@example.com,6694d39d-df35-4c76-ba77-f3b6eaf2a4db
Aubin,Sanchez,aubin.sanchez@example.com,8f74832d-5874-4367-84ad-48c676307f3c
Nora,Krasniqi,nora.krasniqi@example.com,9ba65a50-bc9d-4d13-81ac-517686d0bc57
Željko,Mandić,zeljko.mandic@example.com,d8ab6998-2c0d-453a-afd5-d83da833bac3
Lurdes,Rocha,lurdes.rocha@example.com,cfe1709a-02b3-47f5-8338-f4e6aeb7944e
Heliodoro,Lima,heliodoro.lima@example.com,62ac0297-53a2-4dd4-9d45-d9b0f45d8f37
Alexandre,Singh,alexandre.singh@example.com,f81d30d5-e121-404e-bc8f-5e23b2069db3
Leanne,Graham,Sincere@april.biz,1
Ervin,Howell,Shanna@melissa.tv,2
Clementine,Bauch,Nathan@yesenia.net,3
Patricia,Lebsack,Julianne.OConner@kory.org,4
Chelsey,Dietrich,Lucio_Hettinger@annie.ca,5
Mrs.,Dennis Schulist,Karley_Dach@jasper.info,6
Kurtis,Weissnat,Telly.Hoeger@billy.biz,7
Nicholas,Runolfsdottir V,Sherwood@rosamond.me,8
Glenna,Reichert,Chaim_McDermott@dana.io,9
Clementina,DuBuque,Rey.Padberg@karina.biz,10
Emily,Johnson,emily.johnson@x.dummyjson.com,1
Michael,Williams,michael.williams@x.dummyjson.com,2
Sophia,Brown,sophia.brown@x.dummyjson.com,3
James,Davis,james.davis@x.dummyjson.com,4
Emma,Miller,emma.miller@x.dummyjson.com,5
Olivia,Wilson,olivia.wilson@x.dummyjson.com,6
Alexander,Jones,alexander.jones@x.dummyjson.com,7
Ava,Taylor,ava.taylor@x.dummyjson.com,8
Ethan,Martinez,ethan.martinez@x.dummyjson.com,9
Isabella,Anderson,isabella.anderson@x.dummyjson.com,10
Liam,Garcia,liam.garcia@x.dummyjson.com,11
Mia,Rodriguez,mia.rodriguez@x.dummyjson.com,12
Noah,Hernandez,noah.hernandez@x.dummyjson.com,13
Charlotte,Lopez,charlotte.lopez@x.dummyjson.com,14
William,Gonzalez,william.gonzalez@x.dummyjson.com,15
Avery,Perez,avery.perez@x.dummyjson.com,16
Evelyn,Sanchez,evelyn.sanchez@x.dummyjson.com,17
Logan,Torres,logan.torres@x.dummyjson.com,18
Abigail,Rivera,abigail.rivera@x.dummyjson.com,19
Jackson,Evans,jackson.evans@x.dummyjson.com,20
Madison,Collins,madison.collins@x.dummyjson.com,21
Elijah,Stewart,elijah.stewart@x.dummyjson.com,22
Chloe,Morales,chloe.morales@x.dummyjson.com,23
Mateo,Nguyen,mateo.nguyen@x.dummyjson.com,24
Harper,Kelly,harper.kelly@x.dummyjson.com,25
Evelyn,Gonzalez,evelyn.gonzalez@x.dummyjson.com,26
Daniel,Cook,daniel.cook@x.dummyjson.com,27
Lily,Lee,lily.lee@x.dummyjson.com,28
Henry,Hill,henry.hill@x.dummyjson.com,29
Addison,Wright,addison.wright@x.dummyjson.com,30
George,Bluth,george.bluth@reqres.in,1
Janet,Weaver,janet.weaver@reqres.in,2
Emma,Wong,emma.wong@reqres.in,3
Eve,Holt,eve.holt@reqres.in,4
Charles,Morris,charles.morris@reqres.in,5
Tracey,Ramos,tracey.ramos@reqres.in,6
